{"episodic_return":840,"_timestamp":1.7460353946391015e+09,"_wandb":{"runtime":1},"_runtime":1.012001,"_step":6658,"global_step":9.992328e+06}