{"charts/episodic_return":840,"_timestamp":1.7460354574521015e+09,"_runtime":0.9865016,"_wandb":{"runtime":0},"_step":6658,"global_step":9.992328e+06}