{"global_step":9.992616e+06,"_wandb":{"runtime":1},"charts/episodic_return":21,"_timestamp":1.746035743430602e+09,"_runtime":1.0304982,"_step":4848}