{"_timestamp":1.7460359446321025e+09,"_runtime":1.1365,"_step":9965,"_wandb":{"runtime":1},"global_step":9.99348e+06,"charts/episodic_return":1200}