{"_runtime":0.9145017,"_step":2917,"global_step":5.153312e+06,"_wandb":{"runtime":0},"charts/episodic_return":21,"_timestamp":1.746035785000603e+09}